,seq_num,V2,V3,V4,V5,V6,V7,V8,V9,V10,V11,V12,V13,V14,V15
1,0,5,2,2,1,0,2,0,2,0,0,0,0,0,0
2,0,6,4,0,2,0,1,0,0,0,0,0,0,0,0
3,0,3,1,2,0,0,0,0,1,0,0,0,0,0,0
4,0,2,1,0,2,0,0,0,0,0,1,1,0,0,0
5,0,0,0,7,0,0,0,0,0,0,0,0,0,0,0
6,0,2,1,1,0,1,0,1,1,1,0,0,0,0,0
7,0,0,1,1,0,1,0,0,0,0,0,0,0,0,0
8,0,0,1,0,0,0,0,0,0,0,0,0,0,0,0
9,0,1,3,1,2,0,0,1,0,0,0,0,0,0,0
10,0,2,2,4,0,1,0,1,1,0,0,0,0,0,0
11,0,3,0,0,1,0,0,1,2,0,0,0,0,0,0
12,0,3,4,3,1,2,0,0,0,0,0,1,0,0,0
13,0,4,1,1,2,2,0,2,0,0,0,0,0,0,0
14,0,3,3,3,2,0,1,0,0,0,0,0,0,0,0
15,0,1,0,1,0,0,0,0,0,0,0,0,0,0,0
16,0,2,0,1,3,0,1,0,0,0,0,0,0,0,0
1,1,0,2,0,2,0,2,0,0,0,0,1,0,0,0
2,1,3,1,0,1,0,1,0,0,0,0,0,0,0,0
3,1,2,0,0,2,1,0,2,1,0,0,0,0,0,0
4,1,0,2,0,0,1,0,0,0,0,0,0,0,0,0
5,1,2,3,1,1,1,0,0,1,0,0,0,0,0,0
6,1,4,1,0,1,1,1,0,2,1,0,0,0,0,0
7,1,2,2,0,0,2,0,0,0,0,0,0,0,0,0
8,1,0,2,1,2,0,0,0,0,0,0,0,0,0,0
9,1,1,0,2,1,1,3,1,1,0,1,0,0,0,0
10,1,2,2,0,2,0,0,0,0,0,0,0,0,0,0
11,1,1,2,5,1,1,1,0,1,0,0,0,0,0,0
12,1,1,3,3,3,2,2,1,1,0,0,0,0,0,0
13,1,4,2,1,2,1,0,0,0,0,0,0,0,0,0
14,1,2,4,0,0,0,4,0,0,0,0,0,0,0,0
15,1,0,0,2,0,1,0,0,0,1,0,0,0,0,0
16,1,3,6,0,2,0,1,0,1,0,0,0,0,0,0
1,2,3,1,4,0,4,0,0,0,0,0,0,0,0,0
2,2,1,2,5,1,2,0,0,0,0,0,0,0,0,0
3,2,3,1,1,2,0,0,0,0,0,0,0,0,0,0
4,2,1,1,3,1,1,0,0,0,0,0,0,0,0,0
5,2,4,2,2,0,2,0,0,0,0,0,0,0,0,0
6,2,3,0,0,2,0,1,0,0,0,0,0,0,0,0
7,2,1,0,0,0,0,0,2,0,0,0,0,0,0,0
8,2,2,2,3,0,0,0,0,1,0,0,0,0,0,0
9,2,0,3,0,0,1,3,1,0,0,0,0,0,0,0
10,2,3,1,1,2,1,1,0,0,1,0,1,0,0,0
11,2,1,4,2,0,0,0,2,1,0,1,0,0,0,0
12,2,2,3,3,3,0,1,1,0,0,0,0,0,0,0
13,2,3,2,1,0,0,1,0,0,0,0,0,0,0,0
14,2,3,3,4,1,0,1,0,0,0,1,0,0,0,0
15,2,2,2,0,0,1,0,1,0,0,0,0,0,0,0
16,2,2,2,0,3,0,0,0,0,0,0,0,0,0,0
1,3,1,2,0,2,0,1,0,0,0,0,0,0,0,0
2,3,2,1,3,2,0,1,0,0,0,0,0,0,0,0
3,3,1,1,2,0,0,0,1,0,0,0,0,0,0,0
4,3,2,0,2,1,0,1,0,0,0,0,0,0,0,0
5,3,2,1,1,0,0,0,0,0,0,0,0,0,0,0
6,3,1,1,2,0,2,0,0,0,1,1,0,0,0,0
7,3,2,1,0,2,0,0,0,0,0,0,0,0,0,0
8,3,1,2,2,0,1,0,0,0,0,0,0,0,0,0
9,3,4,2,0,4,1,0,1,0,0,0,0,0,0,0
10,3,4,0,3,1,0,0,0,0,0,0,0,0,0,0
11,3,2,2,1,1,3,0,0,0,0,0,0,0,0,0
12,3,0,0,1,1,2,0,2,0,0,2,0,0,0,0
13,3,1,1,1,0,2,0,0,0,0,0,0,0,0,0
14,3,4,4,3,1,1,0,0,0,0,0,0,0,0,0
15,3,1,1,0,0,1,1,0,0,0,0,0,0,0,0
16,3,2,1,0,1,1,0,0,0,0,0,0,0,0,0
1,4,0,1,0,2,2,1,1,0,0,0,0,0,0,0
2,4,3,3,1,0,2,0,0,0,0,0,0,0,0,0
3,4,1,1,1,0,2,0,0,0,0,1,0,0,0,0
4,4,2,0,2,2,0,0,0,0,0,0,0,0,0,0
5,4,3,1,2,2,1,2,0,0,0,0,0,0,0,0
6,4,1,2,3,1,0,0,1,0,0,0,0,0,0,0
7,4,1,2,1,3,0,0,2,0,0,0,0,0,0,0
8,4,0,0,1,1,0,0,0,0,0,0,0,0,0,0
9,4,3,2,2,1,0,0,0,1,1,0,0,0,0,0
10,4,0,2,0,0,0,2,2,0,0,0,0,0,0,0
11,4,2,2,1,1,1,0,1,0,0,0,0,0,0,0
12,4,0,1,3,2,0,1,1,0,1,0,0,0,0,0
13,4,2,1,1,0,2,1,0,0,0,0,0,0,0,0
14,4,2,1,0,1,1,0,1,0,0,0,0,0,0,0
15,4,0,1,0,1,2,0,0,0,0,0,0,0,0,0
16,4,1,1,0,1,0,0,0,0,1,0,0,0,0,0
1,5,1,2,0,1,1,0,0,0,0,0,0,0,0,0
2,5,5,3,2,2,0,2,1,0,0,0,0,0,0,0
3,5,0,2,1,3,0,0,1,0,0,1,0,0,0,0
4,5,3,0,4,2,0,1,0,0,0,0,0,0,0,0
5,5,3,1,2,0,1,2,1,1,0,0,0,0,0,0
6,5,4,1,2,1,1,1,0,0,0,1,0,0,0,0
7,5,2,0,3,0,0,0,0,0,0,0,0,0,0,0
8,5,4,6,1,3,0,0,1,0,0,0,0,0,0,0
9,5,0,2,1,1,0,2,1,0,0,0,0,0,0,0
10,5,1,2,2,1,0,0,0,1,0,0,0,0,0,0
11,5,2,1,2,1,0,0,1,0,0,0,1,0,0,0
12,5,2,4,2,1,1,1,1,2,2,0,0,0,0,0
13,5,2,6,1,1,0,0,0,1,0,0,0,0,0,0
14,5,1,1,0,3,0,1,0,1,0,0,0,0,0,0
15,5,2,1,3,1,0,0,0,0,0,0,0,0,0,0
16,5,1,0,1,1,1,0,0,0,0,0,0,0,0,0
1,6,1,3,3,0,4,0,1,0,0,0,0,0,0,0
2,6,3,1,3,0,1,1,1,1,0,0,0,0,0,0
3,6,0,0,1,2,2,0,0,1,0,0,0,0,0,0
4,6,0,0,1,5,1,0,0,0,0,0,0,0,0,0
5,6,4,4,3,3,1,0,1,0,0,0,0,0,0,0
6,6,1,1,2,0,2,1,0,0,0,0,0,0,0,0
7,6,4,0,0,0,5,0,0,0,0,0,0,0,0,0
8,6,2,0,1,0,0,0,0,0,1,0,0,0,0,0
9,6,3,0,0,1,1,0,0,0,0,0,0,0,0,0
10,6,2,1,3,1,4,1,0,0,0,1,0,0,0,0
11,6,3,2,2,0,0,1,0,0,0,0,0,0,0,0
12,6,0,0,1,1,2,0,0,0,0,0,0,0,0,0
13,6,4,6,1,1,0,1,0,0,0,0,0,0,0,0
14,6,2,2,2,3,1,0,0,0,0,0,0,0,0,0
15,6,0,3,1,0,1,0,0,0,0,0,0,0,0,0
16,6,0,3,0,0,0,0,1,0,0,0,0,0,0,0
1,7,0,0,2,2,0,0,0,0,0,0,0,0,0,0
2,7,4,3,1,1,1,0,0,0,0,0,0,0,0,0
3,7,1,1,1,2,1,0,1,0,1,0,0,0,0,0
4,7,2,1,0,0,1,1,0,0,0,0,0,0,0,0
5,7,1,3,0,1,2,1,1,0,0,0,0,0,0,0
6,7,0,2,1,0,0,0,0,0,0,0,0,0,0,0
7,7,1,2,1,0,3,0,0,0,0,0,0,0,0,0
8,7,0,2,0,2,1,1,0,0,0,0,0,0,0,0
9,7,0,2,1,0,0,0,1,0,0,0,0,0,0,0
10,7,0,1,2,2,1,2,0,0,0,0,0,0,0,0
11,7,2,2,2,1,1,1,0,0,0,0,0,0,0,0
12,7,1,2,0,0,1,3,1,1,0,0,1,0,0,0
13,7,2,2,5,2,0,0,0,0,0,0,0,0,0,0
14,7,2,1,2,0,2,1,2,0,0,0,0,0,0,0
15,7,1,1,0,0,0,0,1,0,0,0,0,0,0,0
16,7,1,0,0,0,0,0,0,0,0,0,0,0,0,0
1,8,3,4,2,0,1,0,0,0,0,0,0,0,0,0
2,8,1,1,1,0,2,1,0,0,1,0,0,0,0,0
3,8,3,3,2,1,3,1,0,0,0,0,0,0,0,0
4,8,2,2,1,1,1,0,0,1,0,0,1,0,0,0
5,8,3,0,1,2,0,0,0,0,0,0,0,0,0,0
6,8,2,3,1,0,0,1,1,0,1,0,0,0,0,0
7,8,0,1,1,2,1,1,0,1,0,0,0,0,0,0
8,8,1,3,0,1,1,0,0,0,0,0,1,0,0,0
9,8,2,1,1,0,1,1,0,1,0,0,0,0,0,0
10,8,3,2,1,1,0,0,0,1,0,0,0,0,0,0
11,8,0,3,2,3,1,0,0,0,0,0,0,0,0,0
12,8,2,1,1,0,2,0,0,1,0,0,0,0,0,0
13,8,3,0,3,1,1,0,0,0,1,0,0,0,0,0
14,8,2,1,1,1,1,0,0,0,0,0,0,0,0,0
15,8,1,2,1,1,0,1,0,0,0,0,0,0,0,0
16,8,1,1,3,0,1,1,0,0,0,0,0,0,0,0
1,9,2,2,6,1,0,1,0,0,0,0,0,0,0,0
2,9,4,0,1,1,1,1,0,0,0,0,0,0,0,0
3,9,3,0,2,1,1,1,0,0,0,0,0,0,0,0
4,9,2,2,0,2,2,0,2,0,0,0,0,0,0,0
5,9,2,0,0,3,1,0,0,0,1,0,0,0,0,0
6,9,0,1,3,0,1,0,0,0,0,0,0,0,0,0
7,9,0,3,0,0,0,2,0,0,0,0,0,0,0,0
8,9,1,2,3,0,3,0,0,1,0,0,0,0,0,0
9,9,3,3,3,2,1,1,0,1,0,0,1,0,0,0
10,9,1,2,1,2,1,0,1,0,0,0,0,0,0,0
11,9,6,3,3,0,0,0,0,0,0,0,0,0,0,0
12,9,5,3,1,0,0,1,0,1,0,0,0,0,0,0
13,9,1,4,4,0,0,1,1,0,1,0,0,0,0,0
14,9,2,1,0,1,1,0,0,0,0,0,0,0,0,0
15,9,3,1,1,0,0,0,1,0,0,0,0,0,0,0
16,9,1,2,2,1,0,0,0,0,0,0,0,0,0,0
1,10,1,1,0,4,0,1,0,0,1,0,0,0,0,0
2,10,1,2,3,0,0,0,0,0,1,0,0,0,0,0
3,10,0,2,3,1,1,0,1,0,1,0,0,0,0,0
4,10,3,3,2,1,0,0,0,0,0,0,0,0,0,0
5,10,0,2,3,1,0,1,0,1,0,0,0,0,0,0
6,10,5,0,2,2,0,1,0,0,0,0,0,0,0,0
7,10,0,3,3,0,1,0,0,0,0,0,0,0,0,0
8,10,2,2,4,1,0,0,0,0,0,0,0,0,0,0
9,10,1,3,1,0,1,0,0,0,0,0,0,0,0,0
10,10,1,2,1,1,0,2,1,0,0,0,1,0,0,0
11,10,5,2,0,2,0,0,0,0,0,0,0,0,0,0
12,10,2,1,2,1,0,1,0,0,0,1,0,0,0,0
13,10,2,5,2,0,0,0,0,0,0,1,0,0,0,0
14,10,1,2,2,0,0,0,0,1,1,0,0,0,0,0
15,10,0,0,0,1,0,0,0,0,0,0,0,0,0,0
16,10,2,2,1,0,0,1,1,0,0,0,0,0,0,0
1,11,0,4,1,1,1,0,1,0,0,0,0,0,0,0
2,11,1,1,2,1,2,1,0,0,0,0,0,0,0,0
3,11,2,1,1,0,1,0,1,1,1,0,0,0,0,0
4,11,1,4,0,0,0,0,0,1,0,0,0,0,0,0
5,11,2,1,3,1,1,0,1,0,0,0,0,0,0,0
6,11,1,4,2,2,2,1,1,0,0,0,0,0,0,0
7,11,2,1,3,0,1,0,0,0,0,1,0,0,0,0
8,11,1,0,3,0,1,1,0,0,0,0,1,0,0,0
9,11,2,0,1,0,3,1,0,0,0,0,0,1,0,0
10,11,1,1,3,0,0,2,1,1,0,0,0,0,0,0
11,11,1,1,0,2,0,1,0,0,0,0,0,0,0,0
12,11,2,2,0,0,1,0,0,0,0,0,0,0,0,0
13,11,1,2,1,0,0,1,0,0,0,1,0,0,0,0
14,11,1,0,0,4,1,3,0,0,0,0,0,0,0,0
15,11,0,1,0,0,0,1,0,0,0,0,0,0,0,0
16,11,0,0,1,1,0,0,0,0,0,0,0,0,0,0
1,12,2,3,0,1,0,1,0,2,0,0,0,0,0,0
2,12,0,0,1,2,0,0,0,0,0,0,0,0,0,0
3,12,0,2,0,1,0,1,0,0,1,0,0,0,0,0
4,12,2,2,1,1,1,1,1,0,0,0,0,0,0,0
5,12,2,2,2,3,0,0,1,0,0,0,0,0,0,0
6,12,3,3,7,1,1,0,0,0,0,0,0,0,0,0
7,12,1,2,1,0,0,0,1,1,0,0,0,0,0,0
8,12,3,2,0,2,0,1,1,0,0,0,0,0,0,0
9,12,2,0,3,0,0,0,0,1,0,0,0,0,0,0
10,12,4,2,1,0,0,0,0,1,0,0,0,0,0,0
11,12,2,1,1,1,1,1,0,0,0,0,0,0,0,0
12,12,3,3,3,0,0,0,1,0,1,1,0,0,0,0
13,12,0,5,2,0,0,1,0,0,0,0,0,0,0,0
14,12,2,1,1,2,2,0,0,0,0,0,0,0,0,0
15,12,1,0,0,1,0,0,0,1,0,0,0,0,0,0
16,12,0,0,0,2,0,0,1,0,0,0,0,0,0,0
1,13,1,2,3,1,1,1,0,0,0,0,0,0,0,0
2,13,2,4,0,0,2,0,2,1,0,0,0,0,0,0
3,13,3,0,0,0,0,3,0,0,0,1,0,0,0,0
4,13,2,1,1,0,1,0,1,0,0,0,0,0,0,0
5,13,5,2,1,1,0,2,0,0,1,0,0,0,0,0
6,13,2,4,1,3,0,1,0,0,0,0,0,0,0,0
7,13,1,2,0,0,1,1,0,0,0,0,0,0,0,0
8,13,0,1,3,1,0,4,0,0,0,1,0,0,0,0
9,13,3,2,0,3,1,2,1,1,0,0,0,0,0,0
10,13,3,5,1,0,1,0,1,0,0,0,0,0,0,0
11,13,1,3,1,1,0,1,1,0,0,0,0,0,0,0
12,13,1,1,1,0,0,0,1,0,1,0,0,0,0,0
13,13,3,1,3,1,0,0,0,1,0,0,0,0,0,0
14,13,0,2,1,0,0,0,0,0,1,0,0,0,0,0
15,13,0,0,2,1,2,0,0,0,0,0,0,0,0,0
16,13,2,3,0,0,1,1,0,0,0,0,0,0,0,0
1,14,2,2,1,4,1,1,0,0,0,1,0,0,0,0
2,14,2,6,0,1,1,1,0,0,0,0,0,0,0,0
3,14,0,3,0,0,1,1,0,0,0,0,0,0,0,0
4,14,1,1,1,1,0,0,0,0,1,1,0,0,0,0
5,14,3,6,3,1,1,0,1,1,0,0,0,0,0,0
6,14,5,2,2,0,0,1,0,0,0,0,0,0,0,0
7,14,4,1,3,0,1,0,0,0,0,0,0,0,0,0
8,14,3,3,0,1,1,0,0,0,0,0,0,0,0,0
9,14,1,3,4,1,3,0,1,0,0,0,0,0,0,0
10,14,3,2,1,1,1,0,0,0,0,0,0,0,0,0
11,14,2,4,3,2,1,2,2,0,0,0,0,0,0,0
12,14,4,2,2,1,0,0,0,2,0,0,0,0,1,0
13,14,4,0,1,3,0,2,1,0,0,0,0,0,0,0
14,14,2,2,0,4,0,0,1,1,0,0,0,0,0,0
15,14,4,0,1,1,1,1,0,0,0,0,0,0,0,0
16,14,1,2,3,0,1,2,0,0,0,0,0,0,0,0
1,15,5,2,0,0,0,1,0,0,0,0,0,0,0,0
2,15,1,4,2,1,3,1,0,0,0,0,0,0,0,0
3,15,0,1,0,0,0,0,2,0,0,0,0,0,0,0
4,15,2,1,2,0,3,1,0,0,0,0,0,0,0,0
5,15,2,1,0,0,1,1,1,0,1,0,0,0,0,0
6,15,0,2,0,2,1,0,0,1,0,0,0,0,0,0
7,15,0,1,2,3,0,0,0,0,1,0,0,0,0,0
8,15,2,1,0,1,1,0,0,0,0,0,0,0,0,0
9,15,3,1,3,2,0,0,0,0,0,0,0,0,0,0
10,15,2,2,2,1,1,0,1,2,0,0,0,0,0,0
11,15,3,5,3,0,0,0,0,0,0,0,0,0,0,0
12,15,1,1,1,1,1,0,1,0,0,0,0,0,0,0
13,15,1,1,1,2,1,0,0,0,0,0,0,0,0,0
14,15,4,4,1,0,0,0,0,0,0,0,0,0,0,0
15,15,2,1,2,0,2,2,0,0,0,0,0,0,0,0
16,15,0,1,1,1,0,0,0,0,0,0,0,0,0,0
1,16,1,2,2,0,1,0,2,0,0,0,0,0,0,0
2,16,1,0,1,2,1,0,0,1,0,0,0,0,0,0
3,16,0,3,0,1,0,3,1,0,1,0,0,0,0,0
4,16,2,2,1,0,0,2,1,0,1,0,0,0,0,0
5,16,0,1,1,1,0,1,1,0,0,1,0,0,0,0
6,16,1,2,3,1,0,0,0,0,0,0,0,0,0,0
7,16,1,2,5,2,0,0,0,0,0,0,0,0,0,0
8,16,2,1,1,1,0,0,0,0,0,0,0,0,0,0
9,16,1,2,2,1,1,0,0,0,1,0,0,0,0,0
10,16,1,0,3,0,1,0,1,0,0,0,0,0,0,0
11,16,2,3,1,0,1,0,0,0,0,0,0,0,0,0
12,16,2,3,2,2,0,1,0,0,0,0,0,0,0,0
13,16,2,3,3,4,3,0,0,1,0,0,0,0,0,0
14,16,3,2,2,3,1,0,0,0,0,0,0,0,0,0
15,16,1,0,1,0,0,1,0,0,0,0,0,0,0,0
16,16,2,1,1,0,0,0,1,0,0,0,0,0,0,0
1,17,3,2,0,1,1,1,0,1,0,0,0,0,0,0
2,17,1,1,2,0,0,0,0,0,0,0,0,0,0,0
3,17,3,1,3,0,1,1,0,1,0,0,0,0,0,0
4,17,1,1,0,0,3,0,2,0,0,0,0,1,0,0
5,17,1,1,2,2,1,0,0,2,0,0,0,0,0,0
6,17,1,1,0,1,0,0,0,0,0,0,0,0,0,0
7,17,0,1,1,3,0,1,0,0,0,0,0,0,0,0
8,17,3,1,1,0,0,0,0,0,0,0,0,0,0,0
9,17,1,1,3,0,1,0,1,1,0,0,0,0,0,0
10,17,3,0,0,2,1,0,0,0,0,0,0,0,0,0
11,17,2,3,1,1,0,1,1,0,0,0,0,0,0,0
12,17,3,3,2,1,0,1,0,0,0,0,0,0,0,0
13,17,3,4,1,0,0,0,1,0,0,0,0,0,0,0
14,17,2,0,3,2,2,1,0,0,0,0,0,0,0,0
15,17,1,1,0,1,0,0,0,0,0,0,0,0,0,0
16,17,2,1,3,0,1,0,0,0,0,0,0,0,0,0
1,18,2,1,4,1,0,0,0,0,0,0,0,0,0,0
2,18,2,1,1,0,2,0,0,0,0,0,0,0,0,0
3,18,2,1,0,2,0,2,1,2,0,0,0,0,0,0
4,18,0,1,1,1,1,0,0,1,0,0,0,0,0,0
5,18,2,2,1,0,1,0,1,0,0,0,0,0,0,0
6,18,4,0,0,2,1,0,1,1,0,0,0,0,0,0
7,18,1,2,0,1,0,0,0,0,0,0,0,0,0,0
8,18,1,0,2,1,1,0,2,0,0,0,0,0,0,0
9,18,1,0,4,0,0,0,1,1,0,0,0,0,0,0
10,18,2,2,0,1,1,0,0,0,0,0,0,0,0,0
11,18,5,1,2,1,1,0,0,0,0,0,0,0,0,0
12,18,0,1,0,4,1,1,0,0,1,1,1,1,0,0
13,18,3,1,1,2,0,0,0,0,1,0,0,0,0,0
14,18,4,4,0,0,1,0,1,1,0,0,0,0,0,0
15,18,0,0,1,1,0,1,0,0,0,0,0,0,0,0
16,18,0,1,0,0,0,0,0,0,0,0,0,0,0,0
1,19,3,2,4,0,0,1,0,0,0,0,0,0,0,0
2,19,1,0,1,2,0,1,0,0,0,0,0,0,0,0
3,19,0,0,0,0,1,1,1,0,0,0,0,0,0,0
4,19,1,1,0,0,0,3,1,1,2,0,0,0,0,0
5,19,4,3,2,1,0,2,0,0,0,0,0,0,0,0
6,19,1,1,1,0,1,0,0,0,0,0,0,0,0,0
7,19,3,0,1,2,0,1,0,0,0,0,0,0,0,0
8,19,1,3,2,0,0,0,0,0,0,0,0,1,0,0
9,19,3,2,1,2,0,1,0,1,0,0,0,0,0,0
10,19,1,4,3,0,1,0,0,1,2,0,0,0,0,0
11,19,4,2,1,1,1,0,0,0,1,0,0,0,0,0
12,19,1,0,3,1,0,0,1,0,0,0,0,0,0,0
13,19,1,1,1,1,1,0,0,0,0,0,0,0,0,0
14,19,1,3,3,1,3,1,0,0,0,0,0,0,0,0
15,19,0,0,2,0,0,0,0,0,0,0,0,0,0,0
16,19,1,1,0,1,0,0,0,0,0,0,0,0,0,0
1,20,0,1,3,1,0,0,2,0,0,0,0,0,0,0
2,20,2,4,3,2,1,0,1,0,0,0,0,0,0,0
3,20,1,2,4,0,1,1,1,0,0,0,0,0,0,0
4,20,2,3,2,0,1,1,0,1,0,0,0,0,0,0
5,20,3,3,3,2,0,0,0,0,1,0,0,0,0,0
6,20,1,0,1,1,2,1,1,1,0,0,0,0,0,0
7,20,1,4,0,3,0,1,0,0,0,0,0,0,0,0
8,20,5,2,3,0,0,1,0,0,0,0,0,0,0,0
9,20,1,4,1,5,1,1,0,0,0,1,0,0,0,0
10,20,1,2,0,1,2,0,0,0,0,0,0,0,0,0
11,20,2,2,0,2,0,1,1,0,0,0,0,0,0,0
12,20,3,3,1,0,1,1,0,0,1,0,1,0,0,0
13,20,3,2,0,0,1,0,0,1,0,0,0,0,0,0
14,20,3,3,1,2,2,1,0,0,0,0,0,0,0,0
15,20,1,2,1,0,0,0,0,1,0,0,0,0,0,0
16,20,2,1,4,0,1,0,0,1,0,0,0,0,0,0
1,21,3,4,5,1,2,0,1,0,1,1,0,0,0,0
2,21,2,0,1,3,0,1,0,0,0,0,0,0,0,0
3,21,3,0,0,0,0,0,0,0,1,0,0,0,0,0
4,21,1,2,1,0,0,2,0,0,0,0,0,0,0,0
5,21,1,3,3,2,1,1,0,0,0,0,0,0,0,0
6,21,0,6,1,3,0,1,1,0,0,0,0,0,0,0
7,21,2,0,0,0,0,2,0,0,0,0,0,0,0,0
8,21,0,2,4,1,1,1,0,0,0,0,0,0,0,0
9,21,1,3,3,1,3,0,0,0,0,0,0,0,0,0
10,21,3,1,2,1,0,2,0,0,0,0,0,0,0,0
11,21,0,0,4,1,1,0,0,0,1,1,0,0,0,0
12,21,2,3,1,2,0,0,0,1,0,0,0,0,0,0
13,21,2,1,2,2,0,0,1,0,0,0,0,0,0,0
14,21,1,1,1,1,2,0,1,0,1,0,0,0,0,0
15,21,0,1,1,0,2,0,0,1,0,0,0,0,0,0
16,21,1,0,3,1,2,0,0,0,0,0,0,0,0,0
1,22,3,1,1,1,0,1,1,0,0,0,0,0,0,0
2,22,6,2,4,0,0,1,1,0,0,0,0,0,0,0
3,22,0,1,0,1,1,0,0,0,0,0,0,0,0,0
4,22,0,0,1,1,2,0,0,0,0,0,1,0,0,0
5,22,1,2,2,3,1,0,0,0,1,0,0,0,0,0
6,22,2,0,4,1,1,2,1,0,0,0,0,0,0,0
7,22,2,0,2,1,0,2,0,0,0,0,0,0,0,0
8,22,2,2,3,0,0,0,0,0,0,0,0,0,0,0
9,22,1,1,2,2,1,1,1,0,2,0,0,0,0,0
10,22,3,2,1,0,1,2,1,0,0,0,0,0,0,0
11,22,2,5,2,3,3,1,0,0,0,0,1,0,0,0
12,22,2,2,2,0,1,1,0,0,1,0,0,0,0,0
13,22,2,1,2,3,0,1,0,0,0,0,0,0,0,0
14,22,1,3,0,0,0,1,0,0,0,0,0,0,0,0
15,22,3,1,0,2,0,0,0,0,0,0,0,0,0,0
16,22,3,1,0,1,0,0,0,0,0,0,0,0,0,0
1,23,3,2,1,1,0,1,1,0,0,0,0,0,0,0
2,23,2,3,1,1,0,1,0,0,0,0,0,0,0,0
3,23,2,2,3,2,0,2,2,1,0,0,0,0,0,0
4,23,2,4,0,0,1,1,0,0,0,0,0,0,0,0
5,23,0,1,0,1,0,0,0,1,0,0,0,0,0,0
6,23,2,6,2,1,1,0,0,0,0,0,0,0,0,0
7,23,4,2,0,0,1,1,1,0,0,0,0,0,0,0
8,23,4,0,0,1,0,0,1,0,0,0,0,0,0,0
9,23,0,2,0,2,0,1,0,0,0,0,0,0,0,0
10,23,0,3,4,1,1,0,0,0,0,0,1,0,0,0
11,23,2,2,3,1,1,0,1,1,0,0,0,0,0,0
12,23,1,1,2,0,1,0,0,0,1,0,0,1,0,0
13,23,2,0,1,0,0,0,1,0,0,0,0,0,0,0
14,23,1,0,5,2,0,0,1,0,0,0,0,1,0,0
15,23,1,2,0,1,0,0,0,0,0,0,0,0,0,0
16,23,0,1,2,1,1,0,0,0,0,0,0,0,0,0
1,24,2,2,0,1,1,0,0,0,0,0,0,0,0,0
2,24,0,4,1,1,0,2,0,0,0,0,0,0,0,0
3,24,1,2,1,0,0,0,1,0,0,0,0,0,0,0
4,24,0,1,1,1,0,0,0,0,0,1,0,0,0,0
5,24,1,2,1,0,1,1,0,0,0,0,0,0,0,0
6,24,1,2,3,1,0,1,1,0,0,0,0,0,0,0
7,24,1,5,1,1,1,1,0,1,0,0,0,0,0,0
8,24,1,2,2,0,0,0,0,1,0,0,0,0,0,0
9,24,3,4,1,0,0,1,0,0,0,0,0,0,0,0
10,24,4,0,1,2,0,0,0,0,0,0,0,0,0,0
11,24,1,2,0,0,1,3,0,0,1,0,0,0,0,0
12,24,3,2,2,2,2,1,1,0,0,0,1,0,0,0
13,24,0,3,3,2,2,0,0,0,0,0,0,0,0,0
14,24,2,3,7,1,1,0,0,0,0,0,0,0,0,0
15,24,1,2,0,2,0,0,0,0,0,0,0,0,0,0
16,24,2,1,2,1,1,0,0,0,0,0,0,0,0,0
1,25,1,3,2,1,0,1,0,0,1,0,0,0,0,0
2,25,3,3,2,0,2,0,1,0,0,0,0,0,0,0
3,25,1,1,1,0,0,1,0,0,0,0,0,0,0,0
4,25,1,2,1,1,0,0,1,0,0,0,0,0,0,0
5,25,3,1,0,2,1,0,0,0,0,0,0,0,0,0
6,25,3,2,1,3,0,2,2,0,0,0,0,0,0,0
7,25,3,3,0,1,0,0,0,0,0,0,0,0,0,0
8,25,2,1,0,2,1,2,0,0,0,0,0,0,0,0
9,25,1,3,0,0,1,1,0,0,0,0,0,0,0,0
10,25,2,1,1,2,2,1,0,0,0,0,0,0,0,0
11,25,2,0,2,2,2,0,0,1,0,0,0,0,0,0
12,25,3,1,0,2,1,0,1,0,0,0,0,0,0,0
13,25,1,2,1,0,0,0,1,0,1,0,0,0,0,0
14,25,0,1,4,2,0,0,1,0,0,0,0,0,1,0
15,25,0,1,1,1,0,1,0,0,0,0,0,0,0,0
16,25,0,1,1,0,1,0,0,0,0,0,0,0,0,0
1,26,6,2,2,1,0,0,0,2,0,0,0,0,0,0
2,26,1,2,2,2,1,1,1,0,0,0,0,0,0,0
3,26,0,0,0,1,1,0,0,0,0,0,0,0,0,0
4,26,1,2,5,0,0,0,0,0,0,0,0,0,0,0
5,26,1,3,0,0,0,1,0,0,0,1,0,0,0,0
6,26,5,1,4,4,1,1,1,1,0,0,0,0,0,0
7,26,2,0,2,1,0,0,2,0,0,0,0,0,0,0
8,26,0,2,0,0,0,0,0,0,0,1,0,0,0,0
9,26,3,2,2,0,1,0,0,0,0,1,0,0,0,0
10,26,0,5,3,2,2,2,0,0,0,1,0,0,0,0
11,26,5,1,0,1,0,0,1,0,0,0,0,0,0,0
12,26,1,1,1,0,0,0,0,1,0,0,0,0,0,0
13,26,2,3,1,1,0,0,1,0,0,0,0,0,0,0
14,26,4,1,2,1,1,0,0,0,0,0,1,0,0,0
15,26,0,3,2,0,1,1,0,0,0,0,0,0,0,0
16,26,3,0,1,1,0,0,0,0,0,0,0,0,0,0
1,27,0,1,0,2,1,0,2,0,0,0,1,0,0,0
2,27,0,2,1,1,1,1,0,1,1,1,0,0,0,0
3,27,1,1,0,3,1,0,0,1,0,0,0,0,0,0
4,27,2,0,3,1,1,1,1,0,0,0,0,0,0,0
5,27,2,1,1,1,3,1,0,0,0,0,0,0,0,0
6,27,1,3,2,1,0,0,0,0,0,0,0,0,0,0
7,27,2,1,4,0,1,1,0,0,0,0,0,0,0,0
8,27,3,2,1,1,3,1,0,0,1,0,0,0,0,0
9,27,2,0,1,1,0,0,1,0,0,0,0,0,0,0
10,27,1,3,4,3,0,1,1,0,0,0,0,0,0,0
11,27,1,2,4,0,2,0,1,0,0,0,0,0,0,0
12,27,4,3,0,1,0,1,1,0,0,0,0,0,0,0
13,27,3,1,3,0,0,2,0,0,1,0,0,0,0,0
14,27,4,4,1,1,1,0,0,0,0,0,0,0,0,0
15,27,2,3,1,2,0,1,0,0,0,0,0,0,0,0
16,27,1,1,1,2,2,0,0,1,0,0,0,0,0,0
1,28,4,0,1,0,1,0,0,0,0,0,0,0,0,0
2,28,2,3,1,2,0,1,2,1,0,0,0,0,0,0
3,28,2,3,1,0,3,1,0,0,0,0,0,0,0,0
4,28,3,2,1,3,0,2,0,1,0,0,0,0,0,0
5,28,3,5,1,1,1,0,1,1,0,0,0,0,0,0
6,28,2,4,0,0,2,1,0,0,0,0,0,0,0,0
7,28,1,1,2,1,0,0,0,0,0,0,0,0,0,0
8,28,4,2,1,3,0,0,0,0,0,0,0,1,0,0
9,28,4,0,1,2,1,0,0,0,1,0,0,0,0,0
10,28,3,2,0,1,0,0,0,0,0,1,0,1,0,0
11,28,1,1,3,3,1,0,0,0,0,0,0,0,0,0
12,28,1,1,3,1,1,0,1,0,0,0,0,0,0,0
13,28,4,2,3,2,1,1,0,1,0,0,0,0,0,0
14,28,2,1,2,3,0,1,0,0,0,0,0,0,0,1
15,28,3,1,1,0,0,0,1,0,0,0,0,0,0,0
16,28,1,2,0,0,1,1,0,0,0,0,0,0,0,0
